Name,Email,SSN,Phone
Allison Hill,donaldgarcia@example.net,559-12-9675,(900)613-3890x83863
Abigail Shaffer,jpeterson@example.org,782-44-1675,361-855-9407
Edward Fuller,barbara10@example.net,234-99-4742,731-564-7525
Mia Sutton,lynchgeorge@example.net,251-21-7574,(748)535-0305x6413
Jesse Martinez,ocrawford@example.org,783-05-7052,7104170269
Jennifer Rocha,ithomas@example.org,763-72-8831,396-496-5328x710
Rebecca Henderson,cruzcaitlin@example.com,542-33-9065,9182451462
Sherri Baker,williamrodriguez@example.net,306-82-8318,+1-332-752-8809x570
Sandra Parker,allenashley@example.org,088-94-7963,882-527-8248
Nicole Vaughn,raymond57@example.net,463-16-4062,215.309.8393
Amy Jones,heathchad@example.org,286-86-7954,582.399.7376
Jeffrey Henderson,dshields@example.net,670-83-1613,4658133387
Joel Baxter,ramosmichelle@example.net,101-07-8857,2134267736
Ashley Lee,ltaylor@example.com,766-41-0937,831.978.1080x132
William Baker,smitchell@example.net,803-72-7974,(234)230-9805
Kathryn Farrell,brianromero@example.org,071-77-1114,+1-736-619-3990x91699
Mike Allen,panderson@example.com,469-41-1189,6794911838
Shirley Suarez,justin78@example.net,310-79-8667,4846124118
Daniel Cooper,william40@example.org,650-55-4534,2053242786
Stephen Mckee,davenportbrandi@example.org,441-17-0686,450-453-3158x6923
Allison Doyle,kimberly63@example.com,164-90-1772,(707)633-7543x3036
Tracy Ramirez,ifrazier@example.com,029-15-4280,(894)301-9655
Kenneth Scott,zsmith@example.net,704-93-3229,(861)659-5148x465
Cheryl Ortega,lbyrd@example.net,583-39-6654,+1-904-943-6995
Daniel Kennedy,donnacampbell@example.net,649-80-5492,934-333-2003
Dwayne Turner,allendanielle@example.net,383-33-0267,811.279.8089x324
Justin Brown,ashleyhernandez@example.com,294-53-2949,971.239.7187x07286
Tiffany Wilson,mary20@example.com,168-25-3708,(564)574-2312x20994
Stephen Johnston,psnyder@example.org,672-89-0091,001-716-932-8708x31727
Michelle Wagner,vmerritt@example.com,461-34-4051,+1-348-473-4714x3455
James Hernandez,calebrussell@example.net,478-54-1021,766.690.9670
Sarah Ashley,vmedina@example.net,820-78-3614,234.867.0656x2729
James Barnes,crystalpham@example.org,364-23-2886,(757)587-5985x6420
Mary Miller,dtaylor@example.org,052-34-6212,737-555-6464x17080
John Cook,ugibson@example.org,873-43-8743,001-939-263-6057x662
Rachael Pearson,herringjames@example.org,637-20-3909,(371)493-7452
Ashley Johnson,barbara66@example.net,204-10-9701,001-331-749-1905x865
Jesse Martinez,ocrawford@example.org,783-05-7052,7104170269
Jason Henry,oyu@example.com,725-20-7136,(684)798-7769
Sandra Miller,dsanchez@example.net,625-86-6210,207-552-7354x54948
Nathan Freeman,hannahbrewer@example.com,459-03-1525,736-734-9578x8568
Denise King,griffithleslie@example.net,549-98-3034,537.649.8941
Christopher Smith,joshuamccann@example.net,300-90-2069,+1-971-309-4777x5204
Jennifer Jones,hernandezlisa@example.com,088-32-1941,+1-969-699-3867
Wanda Torres,lynchjody@example.org,641-28-4336,+1-212-532-8120x67974
Douglas Heath,mcdanielsandra@example.net,604-85-3242,(918)332-4210x24994
Michael Hodge,robert74@example.net,319-71-0225,(980)871-5451x6808
Laura Alexander MD,annajohnson@example.com,151-73-7244,(425)978-2841x067
Eric Powell,vincent77@example.org,613-06-7079,001-459-940-1399x0490
Jessica Ramirez,fwalters@example.org,482-45-6691,651-725-6746x80715
Tammie Hanson,cortezkevin@example.com,291-66-5492,+1-865-264-8236x62994
Raymond Hancock,sandovalamy@example.com,056-25-8495,(397)270-3482x477
Lisa Allen,lancesmith@example.com,096-29-1859,412.874.8467x737
Kyle Francis,michellehill@example.com,349-65-4378,9447997278
Phillip Bennett,molly39@example.com,240-53-0716,976-262-7028x95171
Jennifer Pena,charlesharrington@example.com,347-80-6513,+1-515-386-5780x9134
Brett Schultz,wallaceheather@example.org,048-42-0920,855-562-3869x2221
Mr. David Little MD,nolansteven@example.com,694-70-2589,575-894-6474
Ashley James,bailey40@example.net,406-36-0133,001-509-674-3953
Michelle Hopkins,courtneyberger@example.net,041-40-7223,5954214562
Sherri Diaz,maria47@example.com,765-44-1887,312.936.8516x048
Paul Baker,xcarson@example.org,692-30-7725,8983593174
Tracy Torres,pwilson@example.net,139-50-7433,(786)592-6179x640
Trevor Foley,pollardmichael@example.net,368-08-6524,531-371-3900x532
James Chapman,cameronwilliams@example.com,639-07-9731,889.285.6257x532
Kristen Willis,markhernandez@example.net,003-36-2371,(584)721-0205
Derek Martinez,vfox@example.org,488-58-5932,891.878.3908x47007
John Cook,ugibson@example.org,873-43-8743,001-939-263-6057x662
Katherine Browning,lammarc@example.org,068-17-4506,+1-398-356-9847x896
Laura Alexander MD,annajohnson@example.com,151-73-7244,(425)978-2841x067
Marilyn Mack,russellbeasley@example.com,348-59-6533,(315)765-4527x11116
Kristie Willis,elizabeth65@example.net,769-55-0843,794-351-9832x7315
Laura Aguirre,lynchdiane@example.net,274-04-2956,345-550-2296x120
Neil Schmidt,jamessandoval@example.net,369-58-7332,+1-828-786-1957x6122
Jesse Moore,jennifer99@example.org,054-20-2580,001-390-714-7679x76438
Douglas Gregory,trose@example.org,226-51-9820,3032432445
Jeffrey Anderson MD,vincentwhitaker@example.com,074-51-0694,(707)415-9696x64160
Lisa Collier,christopher13@example.com,604-52-8585,364-553-5218
Hannah Luna,joelthomas@example.org,178-78-2505,001-312-977-9979x95527
Sherry Decker,john39@example.org,231-09-5540,671-882-2782
Eric Hill,bellcharles@example.com,463-05-0933,(941)519-9867x980
John Hernandez,hayeslisa@example.com,732-11-8267,+1-820-837-7889x2554
Meghan Williams,cameron18@example.net,396-37-4129,001-692-851-9254x6291
Erin Anderson,lucasrodney@example.com,019-47-5061,(635)373-3221
Zachary Ferrell,medinawilliam@example.org,567-20-4463,(613)354-2784x980
Caitlin Chandler,kingdanielle@example.org,778-81-0984,(803)513-6502x491
Kimberly Rodgers,stanleynancy@example.net,135-77-6173,(522)992-7065
Nicole Bowers,amandacollins@example.com,856-25-6027,+1-297-974-6886x23924
Kristen Garcia,mitchellkathryn@example.com,461-66-2415,(713)575-0606x85361
Timothy Combs,lacey20@example.com,850-61-2274,001-377-690-1043x28986
Bryan Allen,fbrown@example.net,549-03-8444,001-832-446-0953
Angela Villegas,ashleyamy@example.net,568-03-6398,406.254.0515x3195
Caitlin Chandler,kingdanielle@example.org,778-81-0984,(803)513-6502x491
George Day,epollard@example.net,187-18-1034,001-970-643-0305x486
Matthew Mitchell,glennmartin@example.org,819-48-7160,(876)452-7758x4161
Erica Miller,kirk96@example.org,707-57-5760,205.496.4016x582
Megan Kim,carlososborne@example.com,371-50-9294,4927755719
Matthew Wright,johnsonjacob@example.net,397-72-1930,447-939-4731x217
Rita Ponce DVM,jenna88@example.com,308-21-2853,(783)913-2370x589
Kristen Salazar,jonesraymond@example.net,737-62-8613,(469)412-5177x85289
