ID,Name,Email,Phone Number,Department,Salary,Address,SSN/National ID,Bank Account,Hashed Password
1,Allison Hill,donaldgarcia@example.net,+1-219-560-0133,Operations,122877,"79402 Peterson Drives Apt. 511, Davisstad, PA 35172",827-06-7528,GB54RDMC84959310341316,$2b$12$x0fDJkhSTmDloCpyqn4CFeNnARmxF2RJLF3b8sce2iMYOaQPGzyr2
2,Patty Perez,trujillorichard@example.org,495.537.6724,IT,96784,"969 Cox Dam Suite 101, Lake Ernest, TX 55834",611-09-6305,GB21MTOQ48018451462704,$2b$12$bknrvhCzOboUCF.xoYeY9uGhKgosqWxOKa2e11VSk1MuRLrnFta.q
3,Sherry Decker,john39@example.org,671-882-2782,Finance,117774,"Unit 8346 Box 5787, DPO AE 32994",231-09-5540,GB65ASRH93010310518347,$2b$12$DIaVuh4gPqHbgMRCCFNOleo5Yhv0bawV1puJFJgmvYHewF7ZGt9Ry
4,Ashley Lee,ltaylor@example.com,831.978.1080x132,Sales,126140,"26064 Mitchell Square Suite 234, North Beth, ND 08490",766-41-0937,GB89BSPQ82081219136193,$2b$12$NK4widFXqZxt4yYmqFDRVeQFnl4lboC7SnnU0B.lyjhm0FYNNkpmW
5,Zachary Ferrell,medinawilliam@example.org,(613)354-2784x980,Marketing,110943,"USNS Baker, FPO AE 97811",567-20-4463,GB41JTGW53487401640052,$2b$12$lFsrn9w5R2w4xq9cR8Fjb.DI/nbJR7zo8xuoCdolOF.AmhqFFEhtW
6,Timothy Stanton,nolanjason@example.org,+1-815-586-9232x26025,HR,96553,"0733 Bailey View, East Andrew, ID 52728",337-36-1138,GB91YILU86850142940196,$2b$12$M3azR4gDM6LPVJkr/XuedewSOGk/DW5d4fzQ4pgMw7XttUJ/w8Gmq
7,Tammie Hanson,cortezkevin@example.com,+1-865-264-8236x62994,Operations,92531,"9957 Ramos Forest, Leonburgh, TN 11615",291-66-5492,GB05CYHV43320037917693,$2b$12$Cepu9ZdxBXmJIrdsVrpY1upVpvZnv3H1OqsV6QQdd.0.PjfLie0jK
8,Robert Contreras,stephanie79@example.net,968.372.7743x48734,IT,108937,"5581 Edward Lights, Lake Jason, MT 53925",339-70-7634,GB83NBGN69096705466889,$2b$12$kDY.LMVLM9harMHEyoV3se.DfYRUeGSecn7pNeNGqwaesLoo9EawK
9,Brandy Murray,greenmark@example.com,256-246-4170x80531,Sales,89468,"USNS Combs, FPO AP 20474",245-17-7759,GB05VDSG74529912419049,$2b$12$8HUuVXRjbmtmsVQHSNtA/OZ.m6mJ6rPz1MiiBchtFKGK0gymrUoVm
10,Andrea Holland,atkinsonlynn@example.org,(657)726-2849x87769,Marketing,80112,"7379 Rogers Park, Hunterborough, MI 34363",349-36-9768,GB44WIRA83136783777014,$2b$12$lGFXuyJ8jawOaY77Bj2JvO6P1qGLiXuo6hC3Jjt.uMMQMQJQm0NvW
11,Melissa Lee,lhill@example.net,+1-641-234-3524x082,IT,145827,"Unit 8427 Box 1094, DPO AA 63247",452-44-3021,GB58BIPD16719022941318,$2b$12$Mv8USFqqkpv1sTWhpGh6XuShMa14saNSxX23aAkWRzqHLX/kZjrX.
12,Juan Moore,mhayes@example.com,503-444-7134x9361,Finance,82878,"PSC 2102, Box 4994, APO AA 16800",480-89-4983,GB66WMIQ87719065940139,$2b$12$OvFHbbZjXEtLjluHBb33WuJOYVoqIUdk.2OIJtIAMcKXPW3YzHQ6.
13,Michael Hodge,robert74@example.net,(980)871-5451x6808,HR,129947,"770 Joseph Curve Suite 771, Lake Chelseabury, VT 21259",319-71-0225,GB36RNCH17127484677378,$2b$12$6cC2Z6EBX85L3YWiZ9wy6.kzRoLTSnR.pMC7Ivxe/ZV8ROMqQakWK
14,John Cook,ugibson@example.org,001-939-263-6057x662,Operations,55353,"71870 Robert Shoal Apt. 174, Cindyfurt, SD 11028",873-43-8743,GB95MKUW78091343161172,$2b$12$cujQNQGxec/xSql0/lEnsuL7R5RT6l/2eHEOADgQbXwbb0McDc0RO
15,Briana Murray,steve07@example.com,+1-982-317-5946x47436,IT,65980,"440 Hill Port Apt. 974, New Laurie, IN 83943",195-80-4107,GB40VYXY21047095214562,$2b$12$.VAWGqotuerf99ogvF.21.5wXDV4psDCmY06y6wQwsBPVkLeAZPX.
16,Misty Whitney,christopher60@example.com,+1-517-954-9651,Operations,80226,"317 Banks Crescent Apt. 004, Wilsonbury, FM 70958",139-50-7433,GB34LVXW86926179640537,$2b$12$ybRU6Rw.njp.zFxkVP2QIe80vs4keYc87vhjy/VtveKCfDS2NowJq
17,Cameron Cunningham,gallegosangela@example.net,635.429.0422,Marketing,68394,"05395 Grant Center, Lake Robert, DE 98236",066-61-7345,GB59YLQS17839084700766,$2b$12$Lu8fEC34RayRZO.kPWNB.urLYhs7SdWhANNNVN6MZV0ckSSBZ0Uzy
18,Ricky Wilson,russellbeasley@example.com,376-361-5654x52711,Finance,125820,"80988 Santiago Loop Suite 604, Michaelshire, NY 28385",159-85-7901,GB15HDLR51493689980940,$2b$12$h8i9JGso/Hjc8rpE53G9UeitzmvX.xTm1e./L/RiItq0BdczLW7G2
19,Eric Nguyen,wareeric@example.net,6145767976,Finance,61688,"6149 Rose Inlet, East Randallton, AL 27295",309-28-2249,GB97YIJK10762268388516,$2b$12$e2fNQPYc.ua5cL6cYt4eAurbW2iBxXC.2FY2UHtnGL210Y7UUQsPy
20,Brian Graham,zwarren@example.com,001-453-552-1818x8355,Finance,96469,"29212 Marshall Port Suite 995, Edwardland, NJ 58462",647-39-4501,GB67SBLQ14770054119986,$2b$12$q3MYvC.wU6grT.41iKjWIe5kb8vREoDxD/z8L2WHiSzX7kDho9kg.
21,Michael Ritter,michaelhardin@example.com,(759)305-1518x64492,IT,104597,"4629 Kyle Lane, Lisahaven, CO 85176",687-55-8332,GB51LALJ23573322141888,$2b$12$sW4zvY0aG1vQBnbd7DXti.wnz52X02sjzYG7dgljXlqcUNLDW74/q
22,Rachel Young,kylestokes@example.com,859.477.4688,Operations,94234,"0758 Jennifer Path, West Christopherburgh, KY 59394",526-19-7168,GB05CHOL06068536153051,$2b$12$0rXDSpTkuedY0d4mE.5eL.WJbzWlvdPw76Ys1LhY.FyrEa2AYdz9y
23,Dwayne Turner,allendanielle@example.net,811.279.8089x324,Marketing,123731,"621 Jones Pine, South Morganton, SC 51210",383-33-0267,GB81LZCL31952058527722,$2b$12$WbEYoEd1tczgMY5UOR1KGOv1lTJlCSHDzY4vSaYDYmD6PHPLJs4Oy
24,Jessica Ross,ykline@example.com,(877)458-4161,Sales,121262,"15447 Jackson Mills Suite 705, Hillton, CA 88474",653-52-5953,GB51QZXV20297021355690,$2b$12$E9t.LkLG99mUmcz954BYbOdhKtRtNNm3q/pcnZdrphq6IsakFRKkC
25,David Griffin,heather73@example.org,(617)627-1551,Sales,67033,"8313 Joel Park, West Angelastad, NH 72806",133-79-1413,GB34CJMW78669125177852,$2b$12$N9u65TLnjJxbSRz9WWALyenSae9OfjI6KXWFWFbCbu4BNLxyj.wPq
26,Krista Martinez,christina18@example.net,(299)222-9959,Sales,137069,"396 Tyler Road Suite 473, Evansland, UT 08353",162-57-6810,GB13POGK92555625881537,$2b$12$7DN6fpTdTcV531k9YQeeq.ZH.i6WvNKqqVqWo9bTZI0cmuvwXdFkO
27,Shawn Jimenez,landrywilliam@example.org,695.200.4797,Marketing,67422,"45650 Williams Points Apt. 584, South Williamside, KY 82190",697-79-1947,GB70EDML58523986800025,$2b$12$VscAJY1yOMEp8v8DOXQhC.afIHo4f0j9CqAWmk5KzyU8MZ2o7hRYe
28,Alan Rivera,whitneybrandy@example.net,001-809-474-9930x972,HR,125261,"91307 Barnes Loop, South Warren, RI 62315",894-95-1021,GB54WEQG85786527858549,$2b$12$4lP8Fyq5PsmfpIDVMdRkV.LWdnNJyhGRwxtqZ4MYYsN5u26GTGkma
29,William Cardenas,kellyroberts@example.net,657-447-3384,IT,109175,"08330 Robert Stravenue, Garciaberg, AL 72636",162-53-7794,GB98PUGY45401938026206,$2b$12$x2VGxWdh4OnfytVRBdkwjuorvkjwPa91ylhf4/c4fw886hzpYUnXm
30,Erin Simon,jennifer05@example.com,001-832-396-6851,Sales,138632,"5304 Young Terrace, Stephanieport, OR 95250",587-02-4286,GB07ULWH01742684145933,$2b$12$7jhTIeX8lQ.B5K9xzRI9HudjkIRsXC3Mkh8sBtl7vVrjIHRyGj.DC
31,Justin Brown,ashleyhernandez@example.com,971.239.7187x07286,Operations,50194,"064 Julie Prairie Apt. 065, New Virginialand, NJ 04660",294-53-2949,GB74YEYU65676618251286,$2b$12$pagl6Ar0VjQ9f5Nz4T9McO5T9A7B2IJIzi8OgfCkU.01GsKtbAx0e
32,Taylor Small,jamiegarcia@example.org,690.530.6738x302,HR,87594,"953 Walter Shore Apt. 644, New Stacyburgh, SC 89466",438-72-8121,GB03BLUV68566246287334,$2b$12$DMiAqEUUxhyth4E0ENSgjOd8M0HPzSpUWt4LUPm9CknHuJ/74mnPG
33,Michael Morrison,lopezkathleen@example.net,+1-583-873-5403x31739,IT,143145,"PSC 8546, Box 7854, APO AA 47640",526-64-7636,GB39DZXP53556093204899,$2b$12$OrNLnTxdL2e8ZPOhBFFbBO68uvnR8JyPEiXdWsZ7J0rxUxQaez3T6
34,Thomas Weaver DDS,warrenmary@example.org,+1-900-962-3120x38750,Finance,78369,"08484 Wayne Square Suite 211, East James, NC 33585",835-46-4380,GB03ZMCL67933410166687,$2b$12$uMNinmhRJgHUGj7d8OFpiO/y1ouHjsKTUn7Fo6kUU6BtW2TFyDBi2
35,Melinda Ramirez,whitemelissa@example.org,892.761.4293,Marketing,74186,"185 Connor Fort, West Cassiefurt, WI 43279",031-82-4479,GB24ZOPH58662961943114,$2b$12$lvA11P4edixdDgZbas3Ig.kKPiN/DgHzX7uZcYilFEv2ED05JAcDm
36,Hector Davis,michelle04@example.com,(918)439-8262x2444,Sales,136871,"6471 King Gateway Suite 993, Rodriguezport, AL 52365",341-80-6225,GB69ZKOK69245937526547,$2b$12$XArvEDFHlRk9yDi1BPBjC.leyXWmsqfJI8cg.FoyA8g811a4jJHyW
37,Rebecca Ortiz,ttaylor@example.org,826-261-7979x688,Finance,83178,"891 Kayla Shoals Suite 290, Rasmussenmouth, WY 56921",109-02-1616,GB34IHQX88993756798250,$2b$12$4WlxADmko.rqIYFZCozENexZJ8Aim.Z8oTqvsASVWPYoR8HQjakhG
38,Michael Johnson,deborah23@example.net,(482)458-6736,HR,146187,"0937 Price Squares Apt. 341, Port Monicaburgh, MN 43228",202-59-1868,GB51IVPQ59696915579249,$2b$12$N2mxu3cufgoIzDFlNVRQYeVLGxXpH0vNEmkA6wUAxiK0kxnv2pRlW
39,Ernest Hayes,glennstephanie@example.com,(936)988-7676,Finance,97373,"40438 Jackson Mount, Dunnville, OK 15470",275-70-6011,GB79RYBY78361340745171,$2b$12$3HVNxdpYcK0OSB/SYplP0Ooy6MJPVWyFDpR2Ic2bXsqTW9K5Cnp..
40,Michael Roberts,stephanie81@example.org,001-660-842-2325x36729,HR,92300,"168 Neal Wells, Shawnfort, MD 76779",003-94-1527,GB42XOUV51863637454589,$2b$12$e/HJ5aKENd.roqCzbpZ5mOtsc.OG/FbbADYnGTN.HDx3wSpDdREDy
41,Timothy Hill,john52@example.org,(943)261-1037x1293,HR,62719,"62713 Davis Valley Apt. 155, Derrickberg, SD 89254",147-09-8692,GB61SATU27532697311219,$2b$12$oU6JxkLsnAmo9JSgEih2g.JAApEipaW4ejq3c43exwFeJHN1tIXLe
42,Nicole Phillips,bowerslaura@example.org,861.737.9180x5526,Finance,52448,"1091 Jose Canyon, Port Raymondport, SC 93906",514-99-6807,GB40NWMC88924141832856,$2b$12$rwQ/PFbBfzKO83DCYTwpPOibkYnJuM8JuLAxrLjMwpbhAOGACX66e
43,Kelly Logan,gary24@example.net,305-964-8149,Sales,138609,"79252 Ayala Ports Apt. 380, Port Michellebury, AZ 62336",373-50-2459,GB66FBRZ63536541951802,$2b$12$pxbpMOFZhTdXUwBJxsq2eeHBIpdz3/lYEeh7.wDzUe87FE8hprMdm
44,Katherine Barton,jessicapayne@example.org,(206)803-8505,IT,144167,"38367 Teresa Divide Suite 103, Haynesstad, NH 98529",087-75-1566,GB51QEUM19906234456557,$2b$12$m5SfRptsTTaJwgUkHolZ9.oSJBiI81sF2OebxBH2mnudSlouN6QJK
45,Elizabeth Bush,lewismelissa@example.org,235-868-0442,HR,114182,"71210 Maria Forges, East Madison, MN 90453",646-83-1377,GB64SSIC01372151070296,$2b$12$rvVb9t.CP9D5PMqGRqzRq.LGAAHlLv76LNQdUhHhHXR8MwH7Z.R2e
46,James Barnes,crystalpham@example.org,(757)587-5985x6420,Finance,86743,"78593 Craig Shoals Apt. 480, New Meghan, AS 51412",364-23-2886,GB86HSKZ59059929378427,$2b$12$WJRQFFh75CKKvI3E8kP3c.j/9ne6DcwmmoV8iExq0Tf8ea7Go6jk6
47,Shannon Yu,janet69@example.org,445-822-6752x89539,Operations,121800,"20969 Ian Island Apt. 917, West Julie, IA 45958",328-22-1454,GB43WVUX57043315410067,$2b$12$DlPTbb/bP98lumtfnzD9zulXB19TW7XqfLKaNN8kF38S4x9Dcac5e
48,Christopher Bennett,paynerachael@example.org,599-870-6296x20153,Sales,106579,"443 Brandon Ports Suite 205, South Christopherfort, ID 13213",027-27-2799,GB06UJCP14677418625652,$2b$12$Ka0hhPR3zxOWBD6mqNUEr.BWO2N0gLLbP35tKZtkNDzrguZ01KnPG
49,Sabrina Barnes,parmstrong@example.com,416-508-9899x2172,Sales,62837,"61632 Flores Stream, North Paulfurt, OH 43247",878-36-8515,GB49OAZW99861622999119,$2b$12$s9u4V1jFfNJ.KR2Ro5cy/e5Q9s53O1EsvBnONHnLjkt7lq9mQ7YmO
50,Tammie Prince,morganlaura@example.com,571-932-4754x691,Sales,98249,"785 Zachary Estate Apt. 486, Port Melissa, FM 75038",030-23-3159,GB80GBHB70534578610357,$2b$12$pl6HatmIQsxQ.9/DLpy9ie5gOiSHJGzOODwzRKQLQAq.B56BwCyAe
51,Richard Saunders,wellsdavid@example.org,+1-503-949-4466x574,Finance,91003,"108 Hoffman Ranch Suite 417, West Vanessamouth, VI 36792",268-84-4896,GB98GEQY30965207446660,$2b$12$CkFiGswgzsaCcxXBJYhCveSbgb3I4DyPO78zNLy.nN7Cxw/4zdeti
52,David Stokes,staceylam@example.net,635-934-6554,IT,84894,"99917 Vincent Ways Suite 846, Port Melissaberg, ID 45415",420-73-7497,GB48EKWF17525007432927,$2b$12$Koo.xiBkHoJ7XV6YL44jAearP0ot3IboJdc6r1Ft7bEXCoLGvO5tW
53,James Chapman,cameronwilliams@example.com,889.285.6257x532,Finance,54618,"09821 Dawson Turnpike, South Nancyview, WI 70589",639-07-9731,GB66BVDU00167618472304,$2b$12$QE1T8Xt2TUbMkJYfjyz0N.okg6.MBphyawtv5StcZ21D8UpigDT2a
54,Elizabeth Williams,slozano@example.com,530-901-1972x18114,Sales,82121,"Unit 4470 Box 1204, DPO AA 89206",321-55-1899,GB05DYBA22557941552166,$2b$12$vZveB33dDc5upz4cIQSByOVk0y5hyLRld2Wf/cKoHWxkgO8.rxW.K
55,Lisa Huffman,timothyfreeman@example.com,301.845.0899x358,Marketing,142428,"5628 Alexander Estate, Christianburgh, CA 98992",504-42-3947,GB70KIBQ38663177971775,$2b$12$sDHCZzK0BJ64vxSAdWlz/OWweYYH4f/QmmGjtOq9d/IhGzIcXReTq
56,Evelyn Saunders,xmoran@example.net,211.430.5548x851,IT,109041,"49331 Lewis Views Apt. 516, Lake Maryshire, DE 59549",469-85-9656,GB22QEPA80869782922169,$2b$12$HnLfOMyXqb5pUuv1W7Hx0.M9sxIn8LSQdoNAt72LqiwQoTOLssOz.
57,Marcus Roberts,samantha22@example.net,+1-651-858-7996,Operations,62679,"62003 Christensen Estates, Francesberg, MP 08631",708-38-3343,GB94YRBL71983863840666,$2b$12$PwInkSotOdexVewASyYXte28ADhAAqjhbwkg3kSk1VmLeNi66sEhe
58,William Jones,jillwilson@example.org,(748)242-2940x57202,Marketing,94733,"9851 Fox Ferry Apt. 826, Davisbury, FM 28465",680-43-5425,GB60LJGY98780157399305,$2b$12$DvDgB3nn.tmJIm6WFAjv6.TuNzGb7cVAQP99iOKqHdcztv0ZiTJE2
59,Christine Soto,michellecoleman@example.org,386.312.0750,Sales,87642,"193 Russell Mission Suite 650, Nunezside, AL 84573",738-80-1037,GB02YXSB15814491476607,$2b$12$ZX8gN2P07T8Eqv9OLChNnOqr5vh.8UD2sMRPfJFy5fytAKxyoWrX6
60,Kenneth Long,torreskaitlin@example.net,(436)282-2239x431,Marketing,58397,"814 John Flat Suite 552, North Justin, CA 25863",326-63-7384,GB47KTVJ92995562053364,$2b$12$zbQcqsueiJzRqU83qmFKqOD10awAj82I2WD5Qk1Rahly1HZfH7yKy
61,Stephanie Atkinson,hessbeth@example.net,808.548.8725,Finance,115867,"78816 Shaw Shore Apt. 928, South Erik, OK 74663",676-19-7922,GB19LBHY73145303856770,$2b$12$rsUid1FE6jx2ry0v3xZNxup3beAoZRau/ZE7CRtAvUS/WgroCPlNi
62,Courtney Sullivan,tommy79@example.org,327.523.1843x22259,Sales,110088,"177 Clark Estates Suite 030, New Brittany, DC 83016",525-06-9377,GB93EBFI28699041379772,$2b$12$x7JXYEJ3W98.nQ3XrT6jdeMEaNnzf4IYHNYwS9TbCdvTRd3cByr2q
63,Scott Gordon,mserrano@example.org,(979)490-8811,IT,123564,"PSC 8068, Box 6508, APO AA 30580",822-62-6247,GB63LSZX91624731498643,$2b$12$czA4P07ik4vkiBacjIolW.0oDzlsQezkHGeSJhhotTc5wRcYKldRm
64,Jennifer Harris DDS,jwhite@example.net,844.795.6213x7213,Operations,140555,"60127 Davis Greens, West Christopher, AZ 95461",394-52-8537,GB28JWTB27703843098839,$2b$12$kBcAJ4MBhq.u9mfY1vGOx.ppFIDcedJ84Mo5Ibw2TJP2l8YBQQ6o2
65,Victor Hill,shawnpowell@example.org,626-681-8184x518,HR,110369,"735 Maldonado Radial Apt. 714, South Cynthiabury, TX 92405",236-41-6758,GB98LQRA43416518275539,$2b$12$8MSHv8ujUVq8kVjRuaMsMuMByFO75H2JHpHN1DtEd4xmXHZli.2VC
66,Kimberly Williams,uwatson@example.com,001-447-228-4639,Marketing,82892,"8085 Dalton Trail Apt. 718, Stewarttown, AL 88857",216-49-9520,GB91DKLT42843479552763,$2b$12$YAd3tHwdJ..0F4DPZE2BMe5Zhet8QRaPdF2qsJ.S5w9K7ro1JbvuW
67,Dr. Samuel Holmes DDS,jevans@example.net,9617203471,HR,53008,"845 Robert Keys Apt. 998, Port Justin, MD 88737",523-63-7323,GB16CMTJ72256996112535,$2b$12$sirVWHtVAjdd2StCD.4SFOUVYAiCqYunZdYa9lK2drU0HL9Ua86HG
68,James Davis,bkelley@example.com,411.449.2164x33472,Finance,120108,"7784 Taylor Square Apt. 997, Millsside, ME 46005",494-70-3722,GB86ZCOJ56424008254780,$2b$12$KqimfGHwMyHKtvEmtQCz9uniSR0WWpRBQt9lvE8Amc3VEggPn.6e6
69,David Duran,justin84@example.com,612.924.1797,Operations,131889,"08021 Adams Stravenue, Acostabury, CO 20251",016-64-3559,GB71KNJZ75705120461872,$2b$12$7y8/QUn/f1Y2V/swGcptDudlT.WkJ6xfTsAGP/L3zbO4dYYzYSFSy
70,Caitlin Chandler,kingdanielle@example.org,(803)513-6502x491,IT,96963,"792 Townsend Gateway, South Christopher, RI 44858",778-81-0984,GB28BLUE81273585730652,$2b$12$GdmxLywG4Y2gZKsGVG2rS.ZHdcjSAhHLSHf278.01HPHLcb9ppJny
71,Dennis Richardson,parsonswilliam@example.net,(809)559-3518,Sales,59002,"294 Ortiz Islands Apt. 181, Port Sharonburgh, VI 04600",207-14-7953,GB45GDBS67899405391037,$2b$12$oeWADk5DG6i078YMuxi7mecbJ7K5jFrTi6Q1MUr143KafEf/dgP2O
72,Neil Schmidt,jamessandoval@example.net,+1-828-786-1957x6122,Marketing,147781,"5855 Duran Meadows Suite 939, South Katie, WA 33804",369-58-7332,GB59MAXB49082404335048,$2b$12$aID2wk2R6.3dGqPHMkxylu6hdt7Os57ZjvDVHU9Kllr2TmXCtwaTu
73,Roger Norris,larsonkevin@example.net,001-561-205-5661,HR,106544,"48058 Mark Square Apt. 206, Mullinsshire, NY 12308",228-56-4748,GB17ZMEE51790864168622,$2b$12$76fHk0c2l4IYtJ3uRBf1YOkOmU1mSr6waUWbuvXom7htFIMW.3z9G
74,Kirk Johnson,gary59@example.com,+1-427-603-3521x103,Marketing,130895,"7705 Jody Forest, New Alexandra, KS 72433",495-80-2316,GB64WWVA69804204394070,$2b$12$F6oEE.liwlHm3igraICA4.KJ8RVNIZc75r.av/S8JTYpvQE1FbUie
75,Cristian Rasmussen,williamssandra@example.com,876-220-5554x38404,Finance,125167,"USNV Perez, FPO AA 51992",673-18-1439,GB21XMQV93639264957823,$2b$12$Nxdu0r8XdTIzWud28oEOK.dYnPPYfFAkMVGU7qrl1PEDXI49IJbQK
76,Tiffany Wilson,mary20@example.com,(564)574-2312x20994,Marketing,87299,"1728 Joseph Landing, Port Paul, NJ 18525",168-25-3708,GB80BNYA46333127975736,$2b$12$EGa1xbKv3pmsffwJtZrwsuo5VopatI4lbo/9Ri7yb7n0eThALMvMS
77,Victoria Williams,oblack@example.org,647.264.4726,Marketing,126374,"7181 Kimberly Square, South Robert, NV 03766",184-59-9672,GB49WGOC45211175186892,$2b$12$9/1ks7u3QS4jDrDtct9gVOvW/YtocamLJ8.Yu1lh1XE0WWyI7WRqO
78,Toni Smith,alexander77@example.net,9973339776,Marketing,149480,"84983 Jack Centers, Benjaminton, TN 76272",859-78-4890,GB79KCBD62249998279501,$2b$12$aSxMkBSQXQxWax2iZse20.ScS12buXVR2VPEGaKK8YMZCFk4fcTd.
79,Veronica Rice,webbhaley@example.net,969-954-8995x2997,Marketing,131029,"430 Andrew Road, Lake Melaniechester, MT 06463",342-45-9182,GB95ZUGA34414488501556,$2b$12$OGg9rQgOuYRDeKzTF2gmh.lyndcH9fs9faUjLEZsPQ07FQoUnBFgS
80,Amy Meyer,angela03@example.net,+1-455-312-4056x82996,IT,124537,"504 Miller Wells Apt. 574, New Kevin, DE 49550",804-05-3312,GB15COQA78235784521823,$2b$12$KhdI/IYwvor9ZYS9lb2bEOE5hdSBQuH3uOYTGhYspITCvTlz5poqy
81,Corey Hill,kendra14@example.org,(741)709-8813,Finance,94244,"321 Austin Junction Suite 020, Bergerton, CT 50780",056-12-6988,GB43MFWT97954538179217,$2b$12$hQlf2y12i0zcf9ge/ys3a.0lTpoLPGhMl.J3fF.3Sx2G9bjMrdoqu
82,Gregory Murray,justinbailey@example.net,(981)861-5814,Marketing,69520,"382 Reyes Junctions, Port Heather, NE 57563",581-44-8922,GB20WHFV19719975817246,$2b$12$yEsIPylH.TJOtj/S7CFkYeMJgudE37id3tjn8Fa8xT1zwaSr9O97.
83,Luis West,erinstewart@example.net,+1-246-251-9098x62405,HR,145005,"40369 Garrett Station Suite 666, Lake Glenn, DC 25172",569-50-5903,GB37NEJV22010276212679,$2b$12$Mc70LO6S0HD6ZxUyFz.sQuOxx5iRGbSchMd/maVIb0pkxi9eZDFCi
84,Andrew Webb,daniel71@example.org,001-684-278-1891x3718,Sales,72392,"PSC 8077, Box 8795, APO AA 46758",818-38-4739,GB89FBWT49407929049047,$2b$12$Fbvoa5ICcomz0OLF/9ZHV.0SQgbDTradpzr3JiXukWxG16Nj6DlPS
85,Cynthia White,cooperchristopher@example.org,+1-627-366-3723x950,HR,123902,"7478 Noah Squares Suite 742, Smithmouth, MS 89432",324-68-0673,GB92DRUL69454414967393,$2b$12$G5cLpSfbWBP5eMmntVFZsO7ez1khVuE8X6QTArWrEub41FX.BgWXu
86,Todd Douglas,stephanielittle@example.net,619-626-9212,Marketing,74140,"746 Scott Tunnel, West Kimberlyfurt, MS 44102",062-34-4337,GB85FOCP39627128639174,$2b$12$9n./ECFQ8TXUIzApWPgoz.rZqWPkNERLY2lR0NSyp3pVjaiurcXPW
87,Patricia Mendoza,xanthony@example.org,+1-730-667-1985,HR,86049,"8517 Holland Fall, South Donnaport, UT 51632",110-81-5887,GB18PCUO32030937618478,$2b$12$oxbWGZ0KDMCwlMXsCUBCru9bI813Wks1NOt0ya06Xw7IAc37.2pAe
88,Katherine Smith,sanchezdeborah@example.org,(304)317-9291,Operations,144358,"36565 Theresa Ports, West Mary, WY 28449",783-06-9718,GB60FKCD42625827390219,$2b$12$eaMmuLwbDT3radsvlcHBbeJQIJOm67UK8R1Ud.JeC4Vn/dvZ7ns2e
89,Todd Bishop,carlsonjennifer@example.net,345-760-8331,Operations,75835,"3403 Laura Spur, Jimenezburgh, TN 06152",056-83-5967,GB35JGNI59701082207811,$2b$12$YdqFqJUpaP1PsUFEKYdtIeleUPi.MtbZM/y117ZtHocjK.lUtQXzi
90,Dr. Charles Reilly,xthompson@example.org,335.943.5209x042,Marketing,79278,"3492 Belinda Plaza, North Robert, NC 64623",883-28-9693,GB81POIA63356939290600,$2b$12$Mvu9neZqb9ZTE5jYDQhRoeIbFDcm/TpmDDvcKSJVxL2AF9xJ/4fP6
91,Ann Castillo,evan79@example.net,001-207-372-6257,Operations,145674,"046 Wolfe Ridge Apt. 195, New Sierrastad, FM 07259",114-50-5990,GB44OTBL52818325381793,$2b$12$ep.lLg0p4PrtF4fqdCspm.XKeOrMFdmNrlMMMpIh2mDj.srb467O2
92,Michael Steele,lopeznicole@example.org,462-941-1241,Finance,95020,"046 Thomas Manor, Rojastown, LA 25281",065-03-3807,GB32QUKN95579887749242,$2b$12$ARg.ebmIDDxXy010nktcj.dozqqxm83QGYqWALLOxM3pXTEkMyMQe
93,Laura Alexander MD,annajohnson@example.com,(425)978-2841x067,HR,140381,"PSC 2088, Box 5474, APO AP 87911",151-73-7244,GB21KWDX70281406937515,$2b$12$P3g8JV5Rab5Oda2wDMmf5u/XgKuNH2pXCJKfJEnri8nG8nQtnfPmK
94,Terri Kerr,raymond65@example.com,(904)655-4781x376,HR,75265,"629 Douglas Hollow Suite 851, Davischester, SC 36326",425-23-9107,GB70OWSY23264870494787,$2b$12$uUdCij9WjBvkaMjMrv5R/.Z6IXbztVwCxX.Ni7xMgBQXjdrVhiU5i
95,Andrea Reese DDS,ooneill@example.net,415.789.0429x0257,Marketing,80047,"6504 Moreno Club Apt. 219, New Marcus, MD 90281",820-39-4448,GB21VWWL18952028457652,$2b$12$igC2Y3Dd7EvgP9bJ4rKC5eEEJxl7DaGA5z5/mPVHpH6k2xt6OY8ny
96,Eric Cox,mpreston@example.net,001-352-840-1322x34232,Sales,108502,"07603 Antonio Shoals, South Davidview, AZ 09184",309-86-0169,GB57YDZD93932501249552,$2b$12$S2eo1667CJqt96xwZFebAud3wPhoKXm6ilpAXA0h0jHHfF4P14X8K
97,Kevin Gonzales,whitemichael@example.com,(638)236-1517x18275,IT,118153,"64794 Perez Lodge Suite 631, Crosbystad, HI 02176",691-63-1724,GB30MOQV11266912153539,$2b$12$w8iYnW6XLojQz2/m01wequ4Zd6X0YxsVLOgCjViBljyvhz4wtgbCO
98,Jesse Martinez,ocrawford@example.org,7104170269,Finance,52631,"87734 Henry Green, Lisaside, ND 02817",783-05-7052,GB93DMOK67700284276246,$2b$12$gAwNuQJ3oTFBiCvcDuhOg.E1uvF3GCkBO98/6EALHUlFp8lDHCZ6q
99,Russell Bailey,hubbardcolleen@example.com,565-656-5033,Sales,77585,"1520 Johnson Shoals, Bradleychester, KY 03175",713-61-9634,GB15AKMS65917135785294,$2b$12$TVUzUxaBG8SdvU6XMK/.bOEAi4Lb99103l9J7TP68FRnWZi/vGHrC
100,Robert Alvarez,michaeljones@example.com,246.485.3664x98782,Marketing,116464,"748 Michael Stream, New Jamesmouth, FL 32007",155-96-4920,GB45NNKC36442493631230,$2b$12$wkkADiLaDtgaBHZBEDE.F.BY9ejWvCsU4IMBZpSFaDv9hFp4VVJSi
